m_bAboveGroundTrainNodesLoaded,m_bAboveGroundTrainNodesLoaded
m_bBelowGroundTrainNodesLoaded,m_bBelowGroundTrainNodesLoaded
m_bCamDirectlyBehind,m_bCamDirectlyBehind
m_bCamDirectlyInFront,m_bCamDirectlyInFront
m_bCameraJustRestored,m_bCameraJustRestored
m_bCutsceneFinished,m_bcutsceneFinished
m_bCullZoneChecksOn,m_bCullZoneChecksOn
m_bIdleOn,m_bIdleOn
m_bInATunnelAndABigVehicle,m_bInATunnelAndABigVehicle
m_bInitialNodeFound,m_bInitialNodeFound
m_bInitialNoNodeStaticsSet,m_bInitialNoNodeStaticsSet
m_bIgnoreFadingStuffForMusic,m_bIgnoreFadingStuffForMusic
m_bPlayerIsInGarage,m_bPlayerIsInGarage
m_bPlayerWasOnBike,m_bPlayerWasOnBike
m_bJustCameOutOfGarage,m_bJustCameOutOfGarage
m_bJustInitialized,m_bJustInitalised
m_bJust_Switched,m_bJust_Switched
m_bLookingAtPlayer,m_bLookingAtPlayer
m_bLookingAtVector,m_bLookingAtVector
m_bMoveCamToAvoidGeom,m_bMoveCamToAvoidGeom
m_bObbeCinematicPedCamOn,m_bObbeCinematicPedCamOn
m_bObbeCinematicCarCamOn,m_bObbeCinematicCarCamOn
m_bRestoreByJumpCut,m_bRestoreByJumpCut
m_bUseNearClipScript,m_bUseNearClipScript
m_bStartInterScript,m_bStartInterScript
m_bStartingSpline,m_bStartingSpline
m_bTargetJustBeenOnTrain,m_bTargetJustBeenOnTrain
m_bTargetJustCameOffTrain,m_bTargetJustCameOffTrain
m_bUseSpecialFovTrain,m_bUseSpecialFovTrain
m_bUseTransitionBeta,m_bUseTransitionBeta
m_bUseScriptZoomValuePed,m_bUseScriptZoomValuePed
m_bUseScriptZoomValueCar,m_bUseScriptZoomValueCar
m_bWaitForInterpolToFinish,m_bWaitForInterpolToFinish
m_bItsOkToLookJustAtThePlayer,m_bItsOkToLookJustAtThePlayer
m_bWantsToSwitchWidescreenOff,m_bWantsToSwitchWidescreenOff
m_bWideScreenOn,m_WideScreenOn
m_b1rstPersonRunCloseToAWall,m_1rstPersonRunCloseToAWall
m_bHeadBob,m_bHeadBob
m_bVehicleSuspenHigh,m_bVehicleSuspenHigh
m_bEnable1rstPersonCamCntrlsScript,m_bEnable1rstPersonCamCntrlsScript
m_bAllow1rstPersonWeaponsCamera,m_bAllow1rstPersonWeaponsCamera
m_bCooperativeCamMode,m_bCooperativeCamMode
m_bAllowShootingWith2PlayersInCar,m_bAllowShootingWith2PlayersInCar
m_bDisableFirstPersonInCar,m_bDisableFirstPersonInCar
m_nModeForTwoPlayersSeparateCars,m_ModeForTwoPlayersSeparateCars
m_nModeForTwoPlayersSameCarShootingAllowed,m_ModeForTwoPlayersSameCarShootingAllowed
m_nModeForTwoPlayersSameCarShootingNotAllowed,m_ModeForTwoPlayersSameCarShootingNotAllowed
m_nModeForTwoPlayersNotBothInCar,m_ModeForTwoPlayersNotBothInCar
m_bGarageFixedCamPositionSet,m_bGarageFixedCamPositionSet
m_bDoingSpecialInterp,m_vecDoingSpecialInterPolation
m_bScriptParametersSetForInterp,m_bScriptParametersSetForInterPol
m_bFading,m_bFading
m_bMusicFading,m_bMusicFading
m_bMusicFadedOut,m_bMusicFadedOut
m_bFailedCullZoneTestPreviously,m_bFailedCullZoneTestPreviously
m_bFadeTargetIsSplashScreen,m_FadeTargetIsSplashScreen
m_bWorldViewerBeingUsed,WorldViewerBeingUsed
m_bTransitionJUSTStarted,m_uiTransitionJUSTStarted
m_bTransitionState,m_uiTransitionState
m_nActiveCam,ActiveCam
m_nCamShakeStart,m_uiCamShakeStart
m_nFirstPersonCamLastInputTime,m_uiFirstPersonCamLastInputTime
m_nLongestTimeInMill,m_uiLongestTimeInMill
m_nNumberOfTrainCamNodes,m_uiNumberOfTrainCamNodes
m_nTimeLastChange,m_uiTimeLastChange
m_nTimeWeLeftIdle_StillNoInput,m_uiTimeWeLeftIdle_StillNoInput
m_nTimeWeEnteredIdle,m_uiTimeWeEnteredIdle
m_nTimeTransitionStart,m_uiTimeTransitionStart
m_nTransitionDuration,m_uiTransitionDuration
m_nTransitionDurationTargetCoors,m_uiTransitionDurationTargetCoors
m_nBlurBlue,m_BlurBlue
m_nBlurGreen,m_BlurGreen
m_nBlurRed,m_BlurRed
m_nBlurType,m_BlurType
m_nWorkOutSpeedThisNumFrames,m_iWorkOutSpeedThisNumFrames
m_nNumFramesSoFar,m_iNumFramesSoFar
m_nCurrentTrainCamNode,m_iCurrentTrainCamNode
m_nMotionBlur,m_motionBlur
m_nMotionBlurAddAlpha,m_imotionBlurAddAlpha
m_nCheckCullZoneThisNumFrames,m_iCheckCullZoneThisNumFrames
m_nZoneCullFrameNumWereAt,m_iZoneCullFrameNumWereAt
m_nWhoIsInControlOfTheCamera,WhoIsInControlOfTheCamera
m_nCarZoom,m_nCarZoom
m_fCarZoomBase,m_fCarZoomBase
m_fCarZoomTotal,m_fCarZoomTotal
m_fCarZoomSmoothed,m_fCarZoomSmoothed
m_fCarZoomValueScript,m_fCarZoomValueScript
m_nPedZoom,m_nPedZoom
m_fPedZoomBase,m_fPedZoomBase
m_fPedZoomTotal,m_fPedZoomTotal
m_fPedZoomSmoothed,m_fPedZoomSmoothed
m_fPedZoomValueScript,m_fPedZoomValueScript
m_fCamFrontXNorm,CamFrontXNorm
m_fCamFrontYNorm,CamFrontYNorm
m_fDistanceToWater,DistanceToWater
m_fHeightOfNearestWater,HeightOfNearestWater
m_fFOVDuringInter,FOVDuringInter
m_fLODDistMultiplier,LODDistMultiplier
m_fGenerationDistMultiplier,GenerationDistMultiplier
m_fAlphaSpeedAtStartInter,m_fAlphaSpeedAtStartInter
m_fAlphaWhenInterPol,m_fAlphaWhenInterPol
m_fAlphaDuringInterPol,m_fAlphaDuringInterPol
m_fBetaDuringInterPol,m_fBetaDuringInterPol
m_fBetaSpeedAtStartInter,m_fBetaSpeedAtStartInter
m_fBetaWhenInterPol,m_fBetaWhenInterPol
m_fFOVWhenInterPol,m_fFOVWhenInterPol
m_fFOVSpeedAtStartInter,m_fFOVSpeedAtStartInter
m_fStartingBetaForInterPol,m_fStartingBetaForInterPol
m_fStartingAlphaForInterPol,m_fStartingAlphaForInterPol
m_fPedOrientForBehindOrInFront,m_PedOrientForBehindOrInFront
m_fCameraAverageSpeed,m_CameraAverageSpeed
m_fCameraSpeedSoFar,m_CameraSpeedSoFar
m_fCamShakeForce,m_fCamShakeForce
m_fFovForTrain,m_fFovForTrain
m_fFOV_Wide_Screen,m_fFOV_Wide_Screen
m_fNearClipScript,m_fNearClipScript
m_fOldBetaDiff,m_fOldBetaDiff
m_fPositionAlongSpline,m_fPositionAlongSpline
m_fScreenReductionPercentage,m_ScreenReductionPercentage
m_fScreenReductionSpeed,m_ScreenReductionSpeed
m_fAlphaForPlayerAnim1rstPerson,m_AlphaForPlayerAnim1rstPerson
m_fOrientation,Orientation
m_fPlayerExhaustion,PlayerExhaustion
m_fSoundDistUp,SoundDistUp
m_fSoundDistUpAsRead,SoundDistUpAsRead
m_fSoundDistUpAsReadOld,SoundDistUpAsReadOld
m_fAvoidTheGeometryProbsTimer,m_fAvoidTheGeometryProbsTimer
m_nAvoidTheGeometryProbsDirn,m_nAvoidTheGeometryProbsDirn
m_fWideScreenReductionAmount,m_fWideScreenReductionAmount
m_fStartingFOVForInterPol,m_fStartingFOVForInterPol
m_aCams,Cams
m_pToGarageWeAreIn,pToGarageWeAreIn
m_pToGarageWeAreInForHackAvoidFirstPerson,pToGarageWeAreInForHackAvoidFirstPerson
m_PlayerMode,m_PlayerMode
m_PlayerWeaponMode,PlayerWeaponMode
m_vecPreviousCameraPosition,m_PreviousCameraPosition
m_vecRealPreviousCameraPosition,m_RealPreviousCameraPosition
m_vecAimingTargetCoors,m_cvecAimingTargetCoors
m_vecFixedModeVector,m_vecFixedModeVector
m_vecFixedModeSource,m_vecFixedModeSource
m_vecFixedModeUpOffSet,m_vecFixedModeUpOffSet
m_vecCutSceneOffset,m_vecCutSceneOffset
m_vecStartingSourceForInterPol,m_cvecStartingSourceForInterPol
m_vecStartingTargetForInterPol,m_cvecStartingTargetForInterPol
m_vecStartingUpForInterPol,m_cvecStartingUpForInterPol
m_vecSourceSpeedAtStartInter,m_cvecSourceSpeedAtStartInter
m_vecTargetSpeedAtStartInter,m_cvecTargetSpeedAtStartInter
m_vecUpSpeedAtStartInter,m_cvecUpSpeedAtStartInter
m_vecSourceWhenInterPol,m_vecSourceWhenInterPol
m_vecTargetWhenInterPol,m_vecTargetWhenInterPol
m_vecUpWhenInterPol,m_vecUpWhenInterPol
m_vecClearGeometryVec,m_vecClearGeometryVec
m_vecGameCamPos,m_vecGameCamPos
m_vecSourceDuringInter,SourceDuringInter
m_vecTargetDuringInter,TargetDuringInter
m_vecUpDuringInter,UpDuringInter
m_vecAttachedCamOffset,m_vecAttachedCamOffset
m_vecAttachedCamLookAt,m_vecAttachedCamLookAt
m_fAttachedCamAngle,m_fAttachedCamAngle
m_pRwCamera,m_pRwCamera
m_pTargetEntity,pTargetEntity
m_pAttachedEntity,pAttachedEntity
m_aPathArray,m_arrPathArray
m_bMirrorActive,m_bMirrorActive
m_bResetOldMatrix,m_bResetOldMatrix
m_mCameraMatrix,m_cameraMatrix
m_mCameraMatrixOld,m_cameraMatrixOld
m_mViewMatrix,m_viewMatrix
m_mMatInverse,m_matInverse
m_mMatMirrorInverse,m_matMirrorInverse
m_mMatMirror,m_matMirror
m_avecFrustumNormals,m_vecFrustumNormals
m_avecFrustumWorldNormals,m_vecFrustumWorldNormals
m_avecFrustumWorldNormals_Mirror,m_vecFrustumWorldNormals_Mirror
m_fFrustumPlaneOffsets,m_fFrustumPlaneOffsets
m_fFrustumPlaneOffsets_Mirror,m_fFrustumPlaneOffsets_Mirror
m_fFadeAlpha,m_fFloatingFade
m_fEffectsFaderScalingFactor,m_fFloatingFadeMusic
m_fFadeDuration,m_fTimeToFadeOut
m_fTimeToFadeMusic,m_fTimeToFadeMusic
m_fTimeToWaitToFadeMusic,m_fTimeToWaitToFadeMusic
m_fFractionInterToStopMoving,m_fFractionInterToStopMoving
m_fFractionInterToStopCatchUp,m_fFractionInterToStopCatchUp
m_fFractionInterToStopMovingTarget,m_fFractionInterToStopMovingTarget
m_fFractionInterToStopCatchUpTarget,m_fFractionInterToStopCatchUpTarget
m_fGaitSwayBuffer,m_fGaitSwayBuffer
m_fScriptPercentageInterToStopMoving,m_fScriptPercentageInterToStopMoving
m_fScriptPercentageInterToCatchUp,m_fScriptPercentageInterToCatchUp
m_nScriptTimeForInterpolation,m_fScriptTimeForInterPolation
m_nFadeInOutFlag,m_iFadingDirection
m_nModeObbeCamIsInForCar,m_iModeObbeCamIsInForCar
m_nModeToGoTo,m_iModeToGoTo
m_nMusicFadingDirection,m_iMusicFadingDirection
m_nTypeOfSwitch,m_iTypeOfSwitch
m_nFadeStartTime,m_uiFadeTimeStarted
m_nFadeTimeStartedMusic,m_uiFadeTimeStartedMusic
m_nExtraEntitiesCount,m_numExtrasEntitysToIgnore
m_pExtraEntity,m_pExtrasEntitysToIgnore
m_fDuckCamMotionFactor,m_duckZMod
m_fDuckAimCamMotionFactor,m_duckZMod_Aim
m_fTrackLinearStartTime,m_vectorTrackStartTime
m_fTrackLinearEndTime,m_vectorTrackEndTime
m_vecTrackLinearEndPoint,m_vectorTrackTo
m_vecTrackLinearStartPoint,m_vectorTrackFrom
m_bTrackLinearWithEase,m_bVectorTrackSmoothEnds
m_vecTrackLinear,m_VectorTrackScript
m_bVecTrackLinearProcessed,m_bVectorTrackScript
m_fShakeIntensity,m_DegreeHandShake
m_fStartShakeTime,m_shakeStartTime
m_fEndShakeTime,m_shakeEndTime
field_C9C,m_bShakeScript
m_nShakeType,m_CurShakeCam
m_fStartZoomTime,m_FOVLerpStartTime
m_fEndZoomTime,m_FOVLerpEndTime
m_fZoomInFactor,m_FOVLerpStart
m_fZoomOutFactor,m_FOVLerpEnd
m_nZoomMode,m_bFOVLerpSmoothEnds
m_bFOVLerpProcessed,m_bFOVScript
m_fFOVNew,m_MyFOV
m_fMoveLinearStartTime,m_vectorMoveStartTime
m_fMoveLinearEndTime,m_vectorMoveEndTime
m_vecMoveLinearPosnStart,m_vectorMoveFrom
m_vecMoveLinearPosnEnd,m_vectorMoveTo
m_bMoveLinearWithEase,m_bVectorMoveSmoothEnds
m_vecMoveLinear,m_VectorMoveScript
m_bVecMoveLinearProcessed,m_bVectorMoveScript
m_bBlockZoom,m_bPersistFOV
m_bCameraPersistPosition,m_bPersistCamPos
m_bCameraPersistTrack,m_bPersistCamLookAt
m_bCinemaCamera,m_bForceCinemaCam
m_aCamTweak,m_VehicleTweaks
m_bCameraVehicleTweaksInitialized,m_bInitedVehicleCamTweaks
m_fCurrentTweakDistance,m_VehicleTweakLenMod
m_fCurrentTweakAltitude,m_VehicleTweakTargetZMod
m_fCurrentTweakAngle,m_VehicleTweakPitchMod
m_nCurrentTweakModelIndex,m_VehicleTweakLastModelId
m_bBelowMinDist,bBelowMinDist
m_bBehindPlayerDesired,bBehindPlayerDesired
m_bCamLookingAtVector,m_bCamLookingAtVector
m_bCollisionChecksOn,m_bCollisionChecksOn
m_bFixingBeta,m_bFixingBeta
m_bTheHeightFixerVehicleIsATrain,m_bTheHeightFixerVehicleIsATrain
m_bLookBehindCamWasInFront,LookBehindCamWasInFront
m_bLookingBehind,LookingBehind
m_bLookingLeft,LookingLeft
m_bLookingRight,LookingRight
m_bResetStatics,ResetStatics
m_bRotating,Rotating
m_nMode,Mode
m_nFinishTime,m_uiFinishTime
m_nDoCollisionChecksOnFrameNum,m_iDoCollisionChecksOnFrameNum
m_nDoCollisionCheckEveryNumOfFrames,m_iDoCollisionCheckEveryNumOfFrames
m_nFrameNumWereAt,m_iFrameNumWereAt
m_nDirectionWasLooking,DirectionWasLooking
m_fSyphonModeTargetZOffSet,m_fSyphonModeTargetZOffSet
m_fAlphaSpeedOverOneFrame,m_fAlphaSpeedOverOneFrame
m_fBetaSpeedOverOneFrame,m_fBetaSpeedOverOneFrame
m_fCamBufferedHeight,m_fCamBufferedHeight
m_fCamBufferedHeightSpeed,m_fCamBufferedHeightSpeed
m_fCloseInPedHeightOffset,m_fCloseInPedHeightOffset
m_fCloseInPedHeightOffsetSpeed,m_fCloseInPedHeightOffsetSpeed
m_fCloseInCarHeightOffset,m_fCloseInCarHeightOffset
m_fCloseInCarHeightOffsetSpeed,m_fCloseInCarHeightOffsetSpeed
m_fDimensionOfHighestNearCar,m_fDimensionOfHighestNearCar
m_fDistanceBeforeChanges,m_fDistanceBeforeChanges
m_fFovSpeedOverOneFrame,m_fFovSpeedOverOneFrame
m_fMinDistAwayFromCamWhenInterPolating,m_fMinDistAwayFromCamWhenInterPolating
m_fPedBetweenCameraHeightOffset,m_fPedBetweenCameraHeightOffset
m_fPlayerInFrontSyphonAngleOffSet,m_fPlayerInFrontSyphonAngleOffSet
m_fRadiusForDead,m_fRadiusForDead
m_fRealGroundDist,m_fRealGroundDist
m_fTimeElapsedFloat,m_fTimeElapsedFloat
m_fTilt,m_fTilt
m_fTiltSpeed,m_fTiltSpeed
m_fTransitionBeta,m_fTransitionBeta
m_fTrueBeta,m_fTrueBeta
m_fTrueAlpha,m_fTrueAlpha
m_fInitialPlayerOrientation,m_fInitialPlayerOrientation
m_fVerticalAngle,Alpha
m_fAlphaSpeed,AlphaSpeed
m_fFOV,FOV
m_fFOVSpeed,FOVSpeed
m_fHorizontalAngle,Beta
m_fBetaSpeed,BetaSpeed
m_fDistance,Distance
m_fDistanceSpeed,DistanceSpeed
m_fCaMinDistance,CA_MIN_DISTANCE
m_fCaMaxDistance,CA_MAX_DISTANCE
m_fSpeedVar,SpeedVar
m_fCameraHeightMultiplier,m_fCameraHeightMultiplier
m_fTargetZoomGroundOne,m_fTargetZoomGroundOne
m_fTargetZoomGroundTwo,m_fTargetZoomGroundTwo
m_fTargetZoomGroundThree,m_fTargetZoomGroundThree
m_fTargetZoomOneZExtra,m_fTargetZoomOneZExtra
m_fTargetZoomTwoZExtra,m_fTargetZoomTwoZExtra
m_fTargetZoomTwoInteriorZExtra,m_fTargetZoomTwoInteriorZExtra
m_fTargetZoomThreeZExtra,m_fTargetZoomThreeZExtra
m_fTargetZoomZCloseIn,m_fTargetZoomZCloseIn
m_fMinRealGroundDist,m_fMinRealGroundDist
m_fTargetCloseInDist,m_fTargetCloseInDist
m_fBeta_Targeting,Beta_Targeting
m_fX_Targetting,X_Targetting
m_fY_Targetting,Y_Targetting
m_nCarWeAreFocussingOn,CarWeAreFocussingOn
m_fCarWeAreFocussingOnI,CarWeAreFocussingOnI
m_fCamBumpedHorz,m_fCamBumpedHorz
m_fCamBumpedVert,m_fCamBumpedVert
m_nCamBumpedTime,m_nCamBumpedTime
m_vecSourceSpeedOverOneFrame,m_cvecSourceSpeedOverOneFrame
m_vecTargetSpeedOverOneFrame,m_cvecTargetSpeedOverOneFrame
m_vecUpOverOneFrame,m_cvecUpOverOneFrame
m_vecTargetCoorsForFudgeInter,m_cvecTargetCoorsForFudgeInter
m_vecCamFixedModeVector,m_cvecCamFixedModeVector
m_vecCamFixedModeSource,m_cvecCamFixedModeSource
m_vecCamFixedModeUpOffSet,m_cvecCamFixedModeUpOffSet
m_vecLastAboveWaterCamPosition,m_vecLastAboveWaterCamPosition
m_vecBufferedPlayerBodyOffset,m_vecBufferedPlayerBodyOffset
m_vecFront,Front
m_vecSource,Source
m_vecSourceBeforeLookBehind,SourceBeforeLookBehind
m_vecUp,Up
m_avecPreviousVectors,m_arrPreviousVectors
m_avecTargetHistoryPos,m_aTargetHistoryPos
m_anTargetHistoryTime,m_nTargetHistoryTime
m_nCurrentHistoryPoints,m_nCurrentHistoryPoints
m_pCamTargetEntity,CamTargetEntity
m_fCameraDistance,m_fCameraDistance
m_fIdealAlpha,m_fIdealAlpha
m_fPlayerVelocity,m_fPlayerVelocity
m_pLastCarEntered,m_pLastCarEntered
m_pLastPedLookedAt,m_pLastPedLookedAt
m_bFirstPersonRunAboutActive,m_bFirstPersonRunAboutActive
